id;name;age;gender;short_bio;interests;image_path;nationality
1;Alaska;13170;Garden Togo;Ghana Tools;Cedi leading-edge;empower Intelligent Forint;Accounts hack Security
2;Investor Wyoming connect;12555;Sausages model Designer;New;interactive grey services;cyan CFA;Security Avon
3;intermediate eyeballs;20778;invoice;Communications;dedicated array;Road Consultant withdrawal;leverage Analyst
4;Frozen;99114;Generic;Credit Gorgeous synergies;Shilling;fuchsia;Concrete Small
5;bandwidth;83388;Customizable compressing Cote;Salad;Tactics Bahamas;Gloves International hacking;Tasty
6;Bedfordshire paradigms PCI;60336;bricks-and-clicks Democratic Visionary;Borders Cambodia Bike;networks Data;Cotton SAS;Buckinghamshire
7;programming;68692;Ergonomic Soft;Bedfordshire navigate;Cotton;driver Organized Mississippi;neural Intuitive
8;invoice open Technician;51930;Avon Fresh;monitor Fresh;synergies microchip open-source;Response;input
9;asymmetric;16;red Computers program;user-centric;multi-byte redundant Planner;Liaison Investment Wooden;Swedish neural FTP
10;frame;9563;Steel Liechtenstein generating;Auto Soap;purposes strategy Unbranded;Keyboard;ability transmit
